Source : France Travail - STMT, Données brutes
Demandeurs d’emploi inscrits en fin de mois à France Travail par Commune de plus de 5000 hab. - France entière - Février 2024 - Données brutes
https://statistiques.pole-emploi.org/stmt/defm?nk=0&pp=las&ss=1
Commune de plus de 5000 hab.;Nombre de demandeurs d'emploi
Abbeville 80100; 2 720
Ablon-sur-Seine 94480;  400
Achères 78260; 2 190
Achicourt 62217;  680
Acigné 35690;  490
Agde 34300; 5 100
Agen 47000; 4 330
Aiffres 79230;  340
Aigues-Mortes 30220; 1 000
Aimargues 30470;  560
Aire-sur-l'Adour 40800;  550
Aire-sur-la-Lys 62120;  880
Aix-en-Provence 13090; 13 140
Aixe-sur-Vienne 87700;  390
Aix-les-Bains 73100; 2 950
Aizenay 85190;  720
Ajaccio 20000; 4 310
Albert 80300; 1 030
Albertville 73200; 1 570
Albi 81000; 5 150
Alençon 61000; 3 030
Alès 30100; 5 420
Alfortville 94140; 4 550
Algrange 57440;  630
Allauch 13190; 1 340
Allonnes 72700; 1 280
Altkirch 68130;  520
Ambarès-et-Lagrave 33440; 1 700
Ambazac 87240;  380
Ambérieu-en-Bugey 01500; 1 700
Ambert 63600;  550
Ambilly 74100;  820
Amboise 37400; 1 430
Amiens 80000; 16 580
Amilly 45200; 1 190
Amnéville 57360; 1 040
Amplepuis 69550;  390
Ancenis 44150;  970
Andernos-les-Bains 33510;  910
Andrésy 78570;  860
Andrézieux-Bouthéon 42160;  930
Angers 49000; 18 420
Anglet 64600; 4 110
Angoulême 16000; 6 270
Aniche 59580; 1 390
Annecy 74000; 11 210
Annemasse 74100; 5 010
Annezin 62232;  540
Annoeullin 59112;  760
Annonay 07100; 2 170
Anse 69480;  580
Anse-Bertrand 97121;  650
Antibes 06600; 8 360
Antony 92160; 4 280
Anzin 59410; 2 070
Apatou 97317;  440
Apt 84400; 1 470
Arcachon 33120;  930
Arcueil 94110; 2 080
Arès 33740;  510
Argelès-sur-Mer 66700; 1 900
Argentan 61200; 1 350
Argenteuil 95100; 11 770
Argenton-sur-Creuse 36200;  460
Arles 13200; 6 850
Armentières 59280; 3 130
Arnage 72230;  410
Arnouville 95400; 1 230
Arpajon 91290; 1 120
Arpajon-sur-Cère 15130;  320
Arques 62510;  940
Arradon 56610;  320
Arras 62000; 4 920
Artigues-près-Bordeaux 33370;  800
Asnières-sur-Seine 92600; 8 310
Athis-Mons 91200; 3 300
Aubagne 13400; 4 830
Aubenas 07200; 1 660
Aubergenville 78410; 1 250
Aubervilliers 93300; 10 840
Aubevoye 27940;  460
Aubière 63170;  730
Aubignan 84810;  630
Aubigny-Les Clouzeaux 85430;  520
Aubigny-sur-Nère 18700;  450
Auby 59950; 1 060
Aucamville 31140; 1 110
Auch 32000; 2 010
Auchel 62260; 1 230
Audenge 33980;  830
Audincourt 25400; 1 870
Audruicq 62370;  450
Audun-le-Tiche 57390;  460
Aulnay-sous-Bois 93600; 8 910
Aulnoye-Aymeries 59620; 1 210
Aulnoy-lez-Valenciennes 59300;  780
Auneau-Bleury-Saint-Symphorien 28700;  440
Auray 56400; 1 440
Aurec-sur-Loire 43110;  420
Aureilhan 65800;  720
Aurillac 15000; 2 040
Auriol 13390; 1 000
Aussillon 81200;  530
Aussonne 31840;  680
Auterive 31190; 1 030
Autun 71400; 1 410
Auvers-sur-Oise 95430;  420
Auxerre 89000; 3 630
Auxonne 21130;  640
Avallon 89200;  650
Avignon 84000; 15 370
Avion 62210; 1 940
Avon 77210; 1 250
Avranches 50300;  930
Avrillé 49240; 1 160
Aÿ-Champagne 51160;  390
Aytré 17440; 1 000
Bagnères-de-Bigorre 65200;  780
Bagneux 92220; 4 610
Bagnolet 93170; 5 150
Bagnols-sur-Cèze 30200; 2 230
Baie-Mahault 97122; 3 820
Baillargues 34670;  810
Bailleul 59270; 1 050
Baillif 97123;  790
Bailly-Romainvilliers 77700;  520
Bain-de-Bretagne 35470;  590
Baisieux 59780;  300
Balaruc-les-Bains 34540;  710
Ballancourt-sur-Essonne 91610;  470
Ballan-Miré 37510;  550
Balma 31130; 1 380
Bandol 83150;  760
Bannalec 29380;  520
Barberaz 73000;  450
Barentin 76360; 1 040
Bar-le-Duc 55000; 1 550
Barlin 62620;  810
Barr 67140;  620
Bar-sur-Aube 10200;  540
Basse-Goulaine 44115;  530
Bassens 33530; 1 050
Bassens 73000;  380
Basse-Terre 97100; 1 550
Bastia 20200; 2 610
Baud 56150;  460
Baugé-en-Anjou 49150; 1 030
Baume-les-Dames 25110;  400
Bauvin 59221;  460
Bayeux 14400; 1 230
Bayonne 64100; 5 730
Bazas 33430;  470
Beaucaire 30300; 3 220
Beauchamp 95250;  700
Beaucourt 90500;  450
Beaucouzé 49070;  370
Beaufort-en-Vallée 49250;  620
Beaugency 45190;  830
Beaumont 63110;  830
Beaumont-sur-Oise 95260;  940
Beaune 21200; 1 670
Beaupréau 49600; 1 640
Beaurains 62217;  470
Beaurepaire 38270;  480
Beausoleil 06240;  910
Beauvais 60000; 6 930
Beauvoisin 30640;  590
Beauzelle 31700;  840
Bédarieux 34600;  640
Bédarrides 84370;  580
Bègles 33130; 3 600
Behren-lès-Forbach 57460;  880
Belfort 90000; 5 840
Belin-Béliet 33830;  610
Bellegarde 30127;  810
Bellegarde-sur-Valserine 01200; 1 890
Bellerive-sur-Allier 03700;  730
Bellevigne-en-Layon 49380;  440
Bellevigny 85170;  410
Belleville 69220; 1 220
Belley 01300;  830
Benfeld 67230;  530
Berck 62600; 1 350
Bergerac 24100; 3 300
Bernay 27300; 1 050
Berre-l'Étang 13130; 1 650
Besançon 25000; 11 910
Bessan 34550;  650
Bessancourt 95550;  670
Bétheny 51450;  490
Bethoncourt 25200;  720
Béthune 62400; 3 040
Betton 35830; 1 010
Beuvrages 59192; 1 030
Beuvry 62660;  830
Beynes 78650;  420
Béziers 34500; 11 770
Bezons 95870; 3 510
Biarritz 64200; 2 580
Bidart 64210;  800
Biganos 33380;  900
Biguglia 20620;  500
Bihorel 76420;  640
Billère 64140; 1 550
Billy-Berclau 62138;  380
Billy-Montigny 62420;  910
Binic-Étables-sur-Mer 22680;  520
Biot 06410;  710
Biscarrosse 40600; 1 720
Bischheim 67800; 2 130
Bischwiller 67240; 1 350
Bitche 57230;  410
Blagnac 31700; 2 550
Blain 44130;  780
Blainville-sur-Orne 14550;  620
Blanquefort 33290; 1 440
Blanzy 71450;  460
Blaye 33390;  700
Blendecques 62575;  410
Bléré 37150;  450
Blois 41000; 5 530
Blotzheim 68730;  360
Bobigny 93000; 6 170
Boé 47550;  440
Bogny-sur-Meuse 08120;  600
Bohain-en-Vermandois 02110;  940
Bois-Colombes 92270; 2 050
Bois-d'Arcy 78390;  870
Bois-Guillaume 76230;  800
Bois-le-Roi 77590;  330
Boissy-Saint-Léger 94470; 1 630
Bolbec 76210; 1 370
Bollène 84500; 1 800
Bompas 66430;  840
Bonchamp-lès-Laval 53960;  300
Bondoufle 91070;  760
Bondues 59910;  640
Bondy 93140; 6 370
Bon-Encontre 47240;  530
Bonneuil-sur-Marne 94380; 1 840
Bonneville 74130; 1 270
Bonnières-sur-Seine 78270;  580
Bonsecours 76240;  440
Bons-en-Chablais 74890;  450
Bordeaux 33000; 32 160
Bordères-sur-l'Échez 65320;  480
Borgo 20290;  730
Bormes-les-Mimosas 83230;  930
Bouaye 44830;  590
Boucau 64340;  920
Bouc-Bel-Air 13320; 1 090
Bouchemaine 49080;  390
Bouffémont 95570;  410
Bougival 78380;  620
Bouguenais 44340; 1 750
Bouillante 97125; 1 190
Bouillargues 30230;  490
Boulay-Moselle 57220;  430
Boulazac 24750;  850
Boulogne-Billancourt 92100; 8 520
Boulogne-sur-Mer 62200; 5 250
Bourbon-Lancy 71140;  350
Bourbourg 59630;  730
Bourg-de-Péage 26300; 1 140
Bourg-en-Bresse 01000; 4 830
Bourges 18000; 6 470
Bourg-la-Reine 92340; 1 300
Bourg-lès-Valence 26500; 2 190
Bourgoin-Jallieu 38300; 3 100
Bourg-Saint-Andéol 07700;  960
Bourg-Saint-Maurice 73700;  580
Boussy-Saint-Antoine 91800;  620
Bras-Panon 97412; 2 420
Bréal-sous-Montfort 35310;  410
Brebières 62117;  430
Brech 56400;  520
Bressuire 79300; 1 540
Brest 29200; 14 840
Bretignolles-sur-Mer 85470;  440
Brétigny-sur-Orge 91220; 2 500
Breuillet 91650;  630
Briançon 05100; 1 280
Briare 45250;  450
Bricquebec-en-Cotentin 50260;  360
Briec 29510;  500
Brie-Comte-Robert 77170; 1 400
Briey 54150;  640
Brignais 69530;  900
Brignoles 83170; 2 120
Brindas 69126;  370
Brioude 43100;  690
Brissac Loire Aubance 49320;  840
Brive-la-Gaillarde 19100; 4 800
Bron 69500; 3 950
Brou-sur-Chantereine 77177;  420
Bruay-la-Buissière 62700; 2 680
Bruay-sur-l'Escaut 59860; 1 580
Bruges 33520; 1 810
Bruguières 31150;  550
Brumath 67170;  670
Brunoy 91800; 1 840
Brunstatt 68350;  650
Bruz 35170; 1 580
Bry-sur-Marne 94360; 1 130
Buc 78530;  260
Bully-les-Mines 62160; 1 280
Bures-sur-Yvette 91440;  500
Bussy-Saint-Georges 77600; 2 400
Buxerolles 86180;  880
Cabestany 66330;  900
Cabriès 13480;  640
Cachan 94230; 2 460
Cadaujac 33140;  550
Caen 14000; 13 120
Cagnes-sur-Mer 06800; 4 360
Cahors 46000; 2 560
Calais 62100; 9 290
Calonne-Ricouart 62470;  590
Caluire-et-Cuire 69300; 3 560
Calvi 20260;  770
Calvisson 30420;  620
Cambo-les-Bains 64250;  490
Cambrai 59400; 4 230
Cancale 35260;  430
Canéjan 33610;  400
Canet-en-Roussillon 66140; 1 680
Cannes 06400; 9 430
Canohès 66680;  600
Canteleu 76380; 1 820
Capbreton 40130; 1 190
Capesterre-Belle-Eau 97130; 2 820
Cappelle-la-Grande 59180;  750
Carbon-Blanc 33560;  780
Carbonne 31390;  570
Carcassonne 11000; 5 900
Carentan 50500;  690
Carhaix-Plouguer 29270;  650
Carmaux 81400; 1 160
Carnoux-en-Provence 13470;  490
Carpentras 84200; 4 540
Carquefou 44470; 1 420
Carqueiranne 83320;  700
Carrières-sous-Poissy 78955; 2 270
Carrières-sur-Seine 78420;  970
Carros 06510; 1 070
Carry-le-Rouet 13620;  400
Carvin 62220; 1 590
Cassis 13260;  590
Castanet-Tolosan 31320; 1 400
Castelginest 31780; 1 090
Castelnaudary 11400; 1 270
Castelnau-d'Estrétefonds 31620;  560
Castelnau-le-Lez 34170; 2 980
Castelsarrasin 82100; 1 790
Castres 81100; 4 560
Castries 34160;  630
Caudan 56850;  470
Caudebec-lès-Elbeuf 76320; 1 230
Caudry 59540; 2 170
Caumont-sur-Durance 84510;  650
Caussade 82300;  900
Cavaillon 84300; 4 350
Cavalaire-sur-Mer 83240;  860
Cayenne 97300; 8 000
Cazouls-lès-Béziers 34370;  550
Cébazat 63118;  600
Cenon 33150; 3 550
Céret 66400;  940
Cergy 95000; 8 180
Cernay 68700; 1 060
Cesson 77240;  760
Cesson-Sévigné 35510; 1 400
Cessy 01170;  380
Cestas 33610;  970
Ceyrat 63122;  380
Chabeuil 26120;  560
Chagny 71150;  480
Châlette-sur-Loing 45120; 1 890
Challans 85300; 1 940
Challes-les-Eaux 73190;  390
Chalonnes-sur-Loire 49290;  490
Châlons-en-Champagne 51000; 4 850
Chalon-sur-Saône 71100; 5 590
Chamalières 63400; 1 410
Chambéry 73000; 5 900
Chambly 60230;  800
Chambourcy 78240;  360
Chambray-lès-Tours 37170; 1 200
Chamonix-Mont-Blanc 74400;  660
Champagne-au-Mont-d'Or 69410;  460
Champagne-sur-Oise 95660;  370
Champagne-sur-Seine 77430;  690
Champagnole 39300;  590
Champigneulles 54250;  650
Champigny-sur-Marne 94500; 7 500
Champniers 16430;  340
Champs-sur-Marne 77420; 2 210
Changé 53810;  370
Changé 72560;  420
Chanteloup-les-Vignes 78570; 1 130
Chantepie 35135;  990
Chantilly 60500;  820
Chantonnay 85110;  710
Chanverrie 85130;  370
Chaponost 69630;  540
Charbonnières-les-Bains 69260;  370
Charenton-le-Pont 94220; 2 280
Charleville-Mézières 08000; 6 450
Charnay-lès-Mâcon 71850;  610
Chartres 28000; 4 110
Chartres-de-Bretagne 35131;  830
Charvieu-Chavagneux 38230;  820
Chasse-sur-Rhône 38670;  490
Chassieu 69680;  710
Château-Arnoux-Saint-Auban 04160;  580
Châteaubourg 35220;  510
Châteaubriant 44110; 1 040
Châteaudun 28200; 1 390
Châteaugiron 35410;  660
Château-Gontier 53200; 1 270
Châteaulin 29150;  470
Châteauneuf-les-Martigues 13220; 1 560
Châteauneuf-sur-Loire 45110;  600
Châteaurenard 13160; 1 940
Château-Renault 37110;  450
Châteauroux 36000; 4 710
Château-Thierry 02400; 2 180
Châtelaillon-Plage 17340;  560
Châtel-Guyon 63140;  490
Châtellerault 86100; 3 320
Châtenay-Malabry 92290; 2 590
Châtenoy-le-Royal 71880;  560
Châtillon 92320; 2 660
Châtillon-sur-Chalaronne 01400;  400
Châtillon-sur-Seine 21400;  480
Chatou 78400; 1 970
Chatuzange-le-Goubet 26300;  500
Chaumes-en-Retz 44320;  570
Chaumont 52000; 1 840
Chauny 02300; 1 500
Chauray 79180;  460
Chauvigny 86300;  510
Chavanoz 38230;  430
Chaville 92370; 1 320
Chazelles-sur-Lyon 42140;  420
Chécy 45430;  610
Chelles 77500; 4 820
Chemillé-Melay 49120; 1 520
Chennevières-sur-Marne 94430; 1 510
Chenôve 21300; 1 770
Cherbourg-Octeville 50100; 6 380
Chessy 77700;  660
Chevigny-Saint-Sauveur 21800;  870
Chevilly-Larue 94550; 1 780
Chevreuse 78460;  300
Chilly-Mazarin 91380; 1 780
Chinon 37500;  810
Choisy-le-Roi 94600; 4 510
Cholet 49300; 5 180
Ciboure 64500;  650
Cilaos 97413; 1 470
Claix 38640;  430
Clamart 92140; 4 240
Clapiers 34830;  410
Claye-Souilly 77410;  890
Cléon 76410;  560
Clermont 60600;  990
Clermont-Ferrand 63000; 15 340
Clermont-l'Hérault 34800; 1 370
Clichy 92110; 6 560
Clichy-sous-Bois 93390; 3 120
Clisson 44190;  580
Cloyes-les-Trois-Rivières 28220;  360
Cluny 71250;  310
Cluses 74300; 2 090
Cognac 16100; 2 020
Cognin 73160;  540
Cogolin 83310; 1 810
Colmar 68000; 6 770
Colombelles 14460;  960
Colombes 92700; 8 760
Colomiers 31770; 3 810
Combourg 35270;  480
Combs-la-Ville 77380; 1 980
Comines 59560; 1 090
Commentry 03600;  620
Commercy 55200;  710
Compiègne 60200; 4 260
Concarneau 29900; 1 820
Conches-en-Ouche 27190;  430
Condat-sur-Vienne 87920;  370
Condé-sur-l'Escaut 59163; 1 350
Condé-sur-Noireau 14110;  530
Condom 32100;  720
Conflans-Sainte-Honorine 78700; 2 920
Contes 06390;  510
Corbas 69960;  810
Corbeil-Essonnes 91100; 5 750
Corbie 80800;  530
Cormeilles-en-Parisis 95240; 1 920
Cormelles-le-Royal 14123;  420
Cormontreuil 51350;  400
Cornebarrieu 31700;  910
Corte 20250;  400
Cosne-Cours-sur-Loire 58200;  840
Coublevie 38500;  330
Coubron 93470;  310
Coudekerque-Branche 59210; 2 170
Couëron 44220; 1 720
Coulaines 72190; 1 030
Coulogne 62137;  510
Coulommiers 77120; 1 490
Coulounieix-Chamiers 24660;  720
Courbevoie 92400; 6 340
Courcelles-lès-Lens 62970;  830
Courdimanche 95800;  560
Cournon-d'Auvergne 63800; 1 440
Cournonterral 34660;  720
Courrières 62710;  970
Coursan 11110;  700
Courthézon 84350;  630
Courtry 77181;  460
Coutances 50200;  790
Coutras 33230;  970
Couzeix 87270;  570
Cranves-Sales 74380;  530
Craponne 69290;  810
Crégy-lès-Meaux 77124;  410
Creil 60100; 4 220
Crépy-en-Valois 60800; 1 220
Crest 26400; 1 310
Créteil 94000; 8 290
Creutzwald 57150; 1 410
Croissy-sur-Seine 78290;  630
Croix 59170; 2 050
Crolles 38190;  480
Crosne 91560;  620
Crozon 29160;  690
Cruseilles 74350;  410
Cucq 62780;  370
Cuers 83390;  950
Cuges-les-Pins 13780;  570
Cugnaux 31270; 2 150
Cuincy 59553;  660
Cusset 03300; 1 310
Dainville 62000;  340
Dammarie-les-Lys 77190; 2 880
Dammartin-en-Goële 77230;  820
Dardilly 69570;  580
Darnétal 76160; 1 180
Dax 40100; 2 970
Decazeville 12300;  570
Dechy 59187;  710
Décines-Charpieu 69150; 2 720
Decize 58300;  380
Delle 90100;  700
Denain 59220; 3 670
Déols 36130;  600
Desvres 62240;  460
Deuil-la-Barre 95170; 2 090
Déville-lès-Rouen 76250; 1 320
Die 26150;  680
Dieppe 76200; 3 530
Digne-les-Bains 04000; 1 930
Digoin 71160;  770
Dijon 21000; 15 460
Dinan 22100; 1 600
Dinard 35800;  910
Dives-sur-Mer 14160;  470
Divion 62460;  770
Divonne-les-Bains 01220;  700
Dol-de-Bretagne 35120;  520
Dole 39100; 2 180
Dombasle-sur-Meurthe 54110;  690
Domène 38420;  430
Domérat 03410;  680
Domont 95330; 1 240
Dompierre-sur-Mer 17139;  460
Donges 44480;  700
Donzère 26290;  690
Douai 59500; 6 220
Douarnenez 29100; 1 870
Douchy-les-Mines 59282; 1 500
Doué-la-Fontaine 49700; 1 020
Doullens 80600;  720
Dourdan 91410;  810
Dourges 62119;  610
Douvaine 74140;  560
Douvres-la-Délivrande 14440;  370
Douvrin 62138;  520
Draguignan 83300; 4 130
Drancy 93700; 7 180
Drap 06340;  460
Draveil 91210; 2 160
Dreux 28100; 4 450
Drusenheim 67410;  340
Ducos 97224; 1 860
Dugny 93440; 1 300
Dunkerque 59140; 10 330
Eaubonne 95600; 1 820
Eaunes 31600;  620
Échirolles 38130; 3 790
Eckbolsheim 67201;  550
Écouen 95440;  580
Écully 69130; 1 260
Égletons 19300;  350
Égly 91520;  520
Éguilles 13510;  630
Élancourt 78990; 2 040
Elbeuf 76500; 2 580
Elne 66200; 1 520
Elven 56250;  520
Embrun 05200;  740
Émerainville 77184;  580
Enghien-les-Bains 95880;  820
Ensisheim 68190;  550
Ensuès-la-Redonne 13820;  410
Entraigues-sur-la-Sorgue 84320;  850
Entre-Deux 97414; 1 400
Entrelacs 73410;  370
Epagny Metz-Tessy 74330;  640
Épernay 51200; 2 520
Épernon 28230;  500
Épinal 88000; 3 710
Épinay-sous-Sénart 91860; 1 190
Épinay-sur-Orge 91360;  690
Épinay-sur-Seine 93800; 5 670
Épône 78680;  620
Éragny 95610; 1 540
Erdre-en-Anjou 49220;  390
Ergué-Gabéric 29500;  570
Ermont 95120; 2 530
Ernée 53500;  360
Erquinghem-Lys 59193;  350
Erstein 67150;  850
Esbly 77450;  440
Escalquens 31750;  540
Escaudain 59124; 1 250
Eschau 67114;  350
Essey-lès-Nancy 54270;  770
Estaires 59940;  500
Esvres 37320;  390
Étampes 91150; 2 530
Étaples 62630; 1 000
Étoile-sur-Rhône 26800;  420
Étréchy 91580;  340
Eu 76260;  600
Évian-les-Bains 74500; 1 030
Évreux 27000; 6 330
Évron 53600;  540
Évry 91000; 7 680
Eybens 38320;  830
Eyguières 13430;  710
Eysines 33320; 2 230
Ézanville 95460;  760
Fabrègues 34690;  730
Faches-Thumesnil 59155; 1 780
Falaise 14700;  860
Fameck 57290; 1 600
Farébersviller 57450;  690
Faulquemont 57380;  490
Faverges 74210;  670
Fayence 83440;  530
Fécamp 76400; 1 790
Fegersheim 67640;  370
Feignies 59750;  800
Fenain 59179;  540
Fenouillet 31150;  600
Ferney-Voltaire 01210;  920
Ferrière-la-Grande 59680;  690
Feurs 42110;  610
Feytiat 87220;  410
Feyzin 69320; 1 110
Figeac 46100;  940
Fillière 74570;  570
Firminy 42700; 2 030
Fismes 51170;  550
Flers 61100; 1 830
Flers-en-Escrebieux 59128;  710
Fleurance 32500;  530
Fleury-les-Aubrais 45400; 2 340
Fleury-Mérogis 91700;  880
Fleury-sur-Orne 14123;  720
Flines-lez-Raches 59148;  460
Floirac 33270; 2 170
Florange 57190; 1 190
Florensac 34510;  570
Foix 09000; 1 220
Fondettes 37230;  710
Fonsorbes 31470; 1 010
Fontaine 38600; 2 190
Fontainebleau 77300; 1 180
Fontaine-lès-Dijon 21121;  570
Fontaines-sur-Saône 69270;  540
Fontenay-aux-Roses 92260; 1 670
Fontenay-le-Comte 85200; 1 250
Fontenay-le-Fleury 78330; 1 070
Fontenay-sous-Bois 94120; 4 580
Fontenay-Trésigny 77610;  410
Fontenilles 31470;  350
Forbach 57600; 2 790
Forcalquier 04300;  590
Fort-de-France 97200; 10 530
Fosses 95470;  840
Fos-sur-Mer 13270; 1 420
Fouesnant 29170;  680
Fougères 35300; 2 100
Foulayronnes 47510;  400
Fouquières-lès-Lens 62740;  620
Fourmies 59610; 1 800
Francheville 69340; 1 040
Franconville 95130; 3 110
Franqueville-Saint-Pierre 76520;  370
Fréjus 83600; 6 500
Fresnes 94260; 2 210
Fresnes-sur-Escaut 59970;  970
Freyming-Merlebach 57800; 1 460
Frontignan 34110; 2 610
Fronton 31620;  500
Frouard 54390;  650
Frouzins 31270;  750
Fumel 47500;  490
Furiani 20600;  440
Fuveau 13710;  790
Gagny 93220; 3 710
Gaillac 81600; 1 810
Gaillard 74240; 1 360
Gaillon 27600;  780
Gambsheim 67760;  310
Gan 64290;  370
Gannat 03800;  510
Gap 05000; 3 730
Garches 92380; 1 110
Gardanne 13120; 2 260
Garéoult 83136;  420
Gargenville 78440;  650
Garges-lès-Gonesse 95140; 4 730
Garons 30128;  510
Gauchy 02430;  590
Geispolsheim 67400;  480
Gémenos 13420;  480
Genas 69740;  710
Genay 69730;  360
Genlis 21110;  440
Gennes-Val-de-Loire 49350;  770
Gennevilliers 92230; 5 850
Gentilly 94250; 1 800
Gérardmer 88400;  630
Gerzat 63360;  920
Gévezé 35850;  420
Gex 01170; 1 200
Gien 45500; 1 660
Gières 38610;  430
Gif-sur-Yvette 91190; 1 050
Gigean 34770;  650
Gignac 34150;  710
Gignac-la-Nerthe 13180;  920
Gisors 27140; 1 260
Givet 08600;  740
Givors 69700; 2 710
Gleizé 69400;  640
Golbey 88190;  940
Gond-Pontouvre 16160;  610
Gonesse 95500; 3 090
Gonfreville-l'Orcher 76700; 1 060
Gorges 44190;  330
Gouesnou 29850;  400
Gourbeyre 97113; 1 100
Gournay-en-Bray 76220;  560
Gournay-sur-Marne 93460;  480
Goussainville 95190; 3 320
Gouvieux 60270;  530
Goyave 97128; 1 150
Grabels 34790;  940
Gradignan 33170; 2 000
Grand-Bourg 97112;  730
Grand-Champ 56390;  370
Grandchamps-des-Fontaines 44119;  410
Grand-Charmont 25200;  710
Grand-Couronne 76530; 1 110
Grande-Synthe 59760; 2 840
Grand-Fort-Philippe 59153;  450
Grand-Santi 97340;  230
Grans 13450;  500
Granville 50400; 1 140
Grasse 06130; 4 790
Graulhet 81300; 1 590
Gravelines 59820; 1 050
Gray 70100;  640
Grenade 31330;  840
Grenay 62160;  720
Grenoble 38000; 15 710
Gretz-Armainvilliers 77220;  760
Grézieu-la-Varenne 69290;  450
Grigny 69520;  920
Grigny 91350; 3 250
Groslay 95410;  660
Gros-Morne 97213; 1 290
Gruissan 11430;  720
Guebwiller 68500; 1 190
Guémené-Penfao 44290;  480
Guénange 57310;  650
Guer 56380;  450
Guérande 44350; 1 310
Guéret 23000; 1 290
Gueugnon 71130;  490
Guichen 35580;  740
Guidel 56520;  860
Guilers 29820;  550
Guilherand-Granges 07500;  780
Guînes 62340;  590
Guingamp 22200;  970
Guipavas 29490; 1 050
Guipry-Messac 35480;  640
Guise 02120;  630
Gujan-Mestras 33470; 1 880
Guyancourt 78280; 2 450
Habsheim 68440;  360
Hagondange 57300;  860
Haguenau 67500; 3 210
Haillicourt 62940;  530
Halluin 59250; 1 920
Harfleur 76700; 1 010
Harnes 62440; 1 340
Hasparren 64240;  580
Haubourdin 59320; 1 490
Haute-Goulaine 44115;  350
Hautmont 59330; 2 310
Hauts de Bienne 39400;  560
Hayange 57240; 1 540
Hazebrouck 59190; 1 920
Heillecourt 54180;  260
Hem 59510; 1 920
Hendaye 64700; 1 760
Hénin-Beaumont 62110; 2 970
Hennebont 56700; 1 440
Herbignac 44410;  570
Herblay 95220; 2 460
Héric 44810;  440
Héricourt 70400; 1 060
Hérouville-Saint-Clair 14200; 2 770
Hersin-Coupigny 62530;  590
Hettange-Grande 57330;  400
Hirson 02500; 1 200
Hoenheim 67800; 1 060
Hombourg-Haut 57470;  580
Homécourt 54310;  620
Honfleur 14600;  830
Horbourg-Wihr 68180;  400
Houdain 62150;  690
Houilles 78800; 2 480
Houplines 59116;  650
Huningue 68330;  740
Hyères 83400; 5 360
Idron 64320;  340
Ifs 14123; 1 050
Igny 91430;  530
Ille-sur-Têt 66130;  930
Illkirch-Graffenstaden 67400; 2 380
Illzach 68110; 1 680
Ingré 45140;  810
Inzinzac-Lochrist 56650;  530
Irigny 69540;  650
Isbergues 62330;  750
Isle 87170;  490
Issoire 63500; 1 510
Issoudun 36100; 1 100
Issy-les-Moulineaux 92130; 4 920
Istres 13800; 4 400
Itteville 91760;  340
Ivry-sur-Seine 94200; 6 950
Izon 33450;  510
Jacou 34830;  530
Janzé 35150;  610
Jarny 54800;  720
Jarville-la-Malgrange 54140; 1 040
Jassans-Riottier 01480;  480
Jaunay-Clan 86130;  550
Jeumont 59460; 1 310
Joeuf 54240;  710
Joigny 89300; 1 120
Joinville-le-Pont 94340; 1 400
Jonage 69330;  370
Jonquières 84150;  510
Jouars-Pontchartrain 78760;  290
Joué-lès-Tours 37300; 3 830
Jouy-en-Josas 78350;  320
Jouy-le-Moutier 95280; 1 380
Jurançon 64110;  620
Juvignac 34990; 1 530
Juvisy-sur-Orge 91260; 1 800
Kembs 68680;  440
Kervignac 56700;  430
Kingersheim 68260; 1 170
Kourou 97310; 3 410
L' Île-d'Yeu 85350;  440
La Balme-de-Sillingy 74330;  400
La Bassée 59480;  650
La Baule-Escoublac 44500; 1 360
La Bouilladisse 13720;  440
La Cadière-d'Azur 83740;  350
La Celle-Saint-Cloud 78170; 1 490
La Chapelle-Basse-Mer 44450;  480
La Chapelle-d'Armentières 59930;  650
La Chapelle-Saint-Luc 10600; 2 000
La Chapelle-Saint-Mesmin 45380;  920
La Chapelle-sur-Erdre 44240; 1 220
La Charité-sur-Loire 58400;  350
La Chevrolière 44118;  440
La Ciotat 13600; 4 010
La Colle-sur-Loup 06480;  600
La Côte-Saint-André 38260;  450
La Courneuve 93120; 4 690
La Couronne 16400;  820
La Crau 83260; 1 190
La Crèche 79260;  390
La Fare-les-Oliviers 13580;  660
La Farlède 83210;  580
La Ferrière 85280;  370
La Ferté-Bernard 72400;  830
La Ferté-Macé 61600;  470
La Ferté-Saint-Aubin 45240;  490
La Ferté-sous-Jouarre 77260; 1 060
La Flèche 72200; 1 420
La Garde 83130; 1 840
La Garenne-Colombes 92250; 1 940
La Garnache 85710;  480
La Gaude 06610;  470
La Gorgue 59253;  460
La Grand-Combe 30110;  810
La Grand-Croix 42320;  460
La Grande-Motte 34280; 1 300
La Hague 50440;  680
La Londe-les-Maures 83250;  990
La Madeleine 59110; 2 070
La Mézière 35520;  350
La Montagne 44620;  530
La Motte-Servolex 73290;  750
La Mulatière 69350;  680
La Mure 38350;  350
La Penne-sur-Huveaune 13821;  490
La Plaine-des-Palmistes 97431; 1 360
La Possession 97419; 6 390
La Queue-en-Brie 94510;  770
La Ravoire 73490;  700
La Ricamarie 42150; 1 030
La Riche 37520; 1 100
La Rochelle 17000; 9 260
La Roche-sur-Foron 74800;  900
La Roche-sur-Yon 85000; 6 010
La Roque-d'Anthéron 13640;  510
La Roquette-sur-Siagne 06550;  410
La Salvetat-Saint-Gilles 31880;  650
La Seyne-sur-Mer 83500; 6 380
La Souterraine 23300;  450
La Talaudière 42350;  460
La Teste-de-Buch 33260; 2 630
La Tour-du-Pin 38110;  810
La Trinité 06340;  810
La Trinité 97220; 1 620
La Tronche 38700;  380
La Valette-du-Var 83160; 1 620
La Verpillière 38290;  660
La Verrière 78320;  670
La Ville-aux-Dames 37700;  440
La Ville-du-Bois 91620;  570
La Voulte-sur-Rhône 07800;  590
La Wantzenau 67610;  300
Labarthe-sur-Lèze 31860;  540
Labenne 40530;  740
Labruguière 81290;  560
Lacanau 33680;  740
Lacroix-Saint-Ouen 60610;  420
Lagnieu 01150;  590
Lagny-sur-Marne 77400; 2 010
Lagord 17140;  640
L'Aigle 61300;  780
Laillé 35890;  360
Lallaing 59167;  740
Lamballe 22400; 1 260
Lambersart 59130; 1 950
Lambesc 13410;  790
Lambres-lez-Douai 59552;  450
Lamentin 97129; 2 520
Lamorlaye 60260;  520
Lançon-Provence 13680;  770
Landerneau 29800; 1 310
Landivisiau 29400;  770
Lanester 56600; 2 090
Laneuveville-devant-Nancy 54410;  530
Langon 33210;  930
Langres 52200;  820
Langueux 22360;  740
Languidic 56440;  590
Lannemezan 65300;  620
Lannilis 29870;  400
Lannion 22300; 1 880
Lanton 33138;  590
Laon 02000; 3 620
L'Arbresle 69210;  580
Lardy 91510;  340
Larmor-Plage 56260;  450
Lattes 34970; 1 550
Laudun-l'Ardoise 30290;  520
Launaguet 31140;  970
Laval 53000; 5 150
Lavaur 81500; 1 050
Lavelanet 09300;  760
Laventie 62840;  290
Laxou 54520; 1 200
Le Barcarès 66420;  920
Le Barp 33114;  430
Le Beausset 83330;  830
Le Blanc 36300;  480
Le Blanc-Mesnil 93150; 6 370
Le Boulou 66160;  710
Le Bourget 93350; 1 470
Le Bourget-du-Lac 73370;  320
Le Bouscat 33110; 2 150
Le Cannet 06110; 4 800
Le Castellet 83330;  550
Le Cateau-Cambrésis 59360; 1 090
Le Cendre 63670;  350
Le Chambon-Feugerolles 42500; 1 400
Le Chesnay 78150; 1 750
Le Controis-en-Sologne 41700;  590
Le Coteau 42120;  620
Le Crès 34920;  790
Le Creusot 71200; 2 150
Le Diamant 97223;  810
Le Fenouiller 85800;  330
Le François 97240; 2 290
Le Gosier 97190; 4 300
Le Grand-Quevilly 76120; 2 670
Le Grau-du-Roi 30240; 1 290
Le Haillan 33185;  950
Le Havre 76600; 20 180
Le Kremlin-Bicêtre 94270; 2 310
Le Lamentin 97232; 4 770
Le Lavandou 83980;  820
Le Lion-d'Angers 49220;  330
Le Loroux-Bottereau 44430;  590
Le Lorrain 97214;  930
Le Luc 83340; 1 160
Le Mans 72000; 18 530
Le Marin 97290; 1 380
Le Mée-sur-Seine 77350; 2 250
Le Mené 22330;  540
Le Mesnil-Esnard 76240;  530
Le Mesnil-le-Roi 78600;  360
Le Mesnil-Saint-Denis 78320;  380
Le Morne-Rouge 97260;  500
Le Moule 97160; 3 490
Le Muy 83490;  960
Le Palais-sur-Vienne 87410;  430
Le Passage 47520;  850
Le Péage-de-Roussillon 38550;  820
Le Pecq 78230; 1 040
Le Pellerin 44640;  460
Le Perray-en-Yvelines 78610;  380
Le Perreux-sur-Marne 94170; 2 440
Le Petit-Quevilly 76140; 3 150
Le Pian-Médoc 33290;  470
Le Plessis-Bouchard 95130;  560
Le Plessis-Robinson 92350; 1 590
Le Plessis-Trévise 94420; 1 450
Le Poinçonnet 36330;  290
Le Poiré-sur-Vie 85170;  580
Le Pont-de-Claix 38800; 1 050
Le Pontet 84130; 2 080
Le Port 97420; 7 830
Le Portel 62480; 1 070
Le Port-Marly 78560;  430
Le Pradet 83220;  690
Le Pré-Saint-Gervais 93310; 2 310
Le Puy-en-Velay 43000; 2 170
Le Puy-Sainte-Réparade 13610;  500
Le Quesnoy 59530;  550
Le Raincy 93340; 1 140
Le Relecq-Kerhuon 29480;  820
Le Rheu 35650;  830
Le Robert 97231; 2 800
Le Rove 13740;  400
Le Soler 66270;  830
Le Taillan-Médoc 33320;  780
Le Tampon 97430; 17 080
Le Teich 33470;  770
Le Teil 07400;  990
Le Thor 84250;  960
Le Trait 76580;  450
Le Tréport 76470;  490
Le Vauclin 97280; 1 290
Le Versoud 38420;  250
Le Vésinet 78110;  900
Leers 59115;  620
Leforest 62790;  620
Lège-Cap-Ferret 33950;  710
Léguevin 31490;  790
Lempdes 63370;  560
Lens 62300; 4 340
Lentilly 69210;  430
Léognan 33850;  770
Les Abrets en Dauphiné 38490;  500
Les Abymes 97139; 9 260
Les Achards 85150;  430
Les Andelys 27700;  810
Les Angles 30133;  700
Les Arcs 83460;  780
Les Avenières 38630;  560
Les Avirons 97425; 2 130
Les Clayes-sous-Bois 78340; 1 210
Les Essarts 85140;  560
Les Essarts-le-Roi 78690;  360
Les Hauts-d'Anjou 49330;  720
Les Herbiers 85500; 1 270
Les Lilas 93260; 2 460
Les Mureaux 78130; 5 110
Les Pavillons-sous-Bois 93320; 2 260
Les Pennes-Mirabeau 13170; 1 470
Les Ponts-de-Cé 49130; 1 120
Les Sables-d'Olonne 85100; 3 910
Les Sorinières 44840;  700
Les Trois-Bassins 97426; 1 750
Les Trois-Îlets 97229; 1 100
Les Ulis 91940; 2 420
Lescar 64230;  690
Lésigny 77150;  380
Lesneven 29260;  580
Lesparre-Médoc 33340;  790
Lesquin 59810;  680
Lestrem 62136;  310
L'Étang-Salé 97427; 2 910
Levallois-Perret 92300; 4 670
Levens 06670;  370
Lèves 28300;  410
Lézignan-Corbières 11200; 1 080
Lezoux 63190;  580
L'Haÿ-les-Roses 94240; 2 560
L'Hôpital 57490;  630
Liancourt 60140;  630
Libercourt 62820;  830
Libourne 33500; 2 900
Lieusaint 77127; 1 170
Liévin 62800; 3 520
Liffré 35340;  620
Ligné 44850;  380
L'Île-Saint-Denis 93450; 1 020
Lille 59000; 29 530
Lillebonne 76170; 1 150
Lillers 62190; 1 040
Limay 78520; 2 370
Limeil-Brévannes 94450; 2 200
Limoges 87000; 13 710
Limours 91470;  310
Limoux 11300; 1 150
Linas 91310;  680
Lingolsheim 67380; 2 090
Linselles 59126;  550
Lisieux 14100; 2 070
L'Isle-Adam 95290;  870
L'Isle-d'Abeau 38080; 1 910
L'Isle-d'Espagnac 16340;  480
L'Isle-Jourdain 32600;  680
L'Isle-sur-la-Sorgue 84800; 2 220
Lisses 91090;  530
Livarot-Pays-d'Auge 14140;  470
Liverdun 54460;  350
Livron-sur-Drôme 26250;  850
Livry-Gargan 93190; 4 400
Loches 37600;  540
Locmaria-Plouzané 29280;  290
Lodève 34700; 1 100
Lognes 77185; 1 300
Loire-Authion 49250; 1 100
Loireauxence 44370;  580
Loison-sous-Lens 62218;  560
Longjumeau 91160; 1 880
Longpont-sur-Orge 91310;  470
Longueau 80330;  530
Longué-Jumelles 49160;  730
Longuenée-en-Anjou 49220;  430
Longuenesse 62219;  960
Longuyon 54260;  380
Longvic 21600;  870
Longwy 54400; 1 510
Lons 64140; 1 110
Lons-le-Saunier 39000; 1 670
Loon-Plage 59279;  550
Loos 59120; 2 330
Loos-en-Gohelle 62750;  650
Lorgues 83510;  920
Lorient 56100; 6 020
Loriol-sur-Drôme 26270;  650
Lormont 33310; 3 360
Loudéac 22600;  940
Loudun 86200;  620
Louhans 71500;  570
Lourdes 65100; 2 420
Louveciennes 78430;  460
Louviers 27400; 2 330
Louvres 95380; 1 030
Louvroil 59720; 1 020
Lucciana 20290;  660
Lucé 28110; 2 050
Luc-la-Primaube 12450;  350
Luçon 85400;  810
Ludon-Médoc 33290;  390
Ludres 54710;  320
Luisant 28600;  490
Lunel 34400; 3 800
Lunéville 54300; 2 200
L'Union 31240;  930
Lure 70200;  890
Lutterbach 68460;  540
Luxeuil-les-Bains 70300;  710
Luynes 37230;  310
Lyon 69000; 51 460
Lys-Haut-Layon 49310;  580
Lys-lez-Lannoy 59390; 1 310
Mably 42300;  600
Machecoul 44270;  720
Mâcon 71870; 4 490
Macouria 97355; 1 970
Maen Roch 35460;  370
Magnanville 78200;  510
Magny-en-Vexin 95420;  510
Magny-le-Hongre 77700;  590
Magny-les-Hameaux 78114;  600
Mainvilliers 28300; 1 190
Maisons-Alfort 94700; 4 100
Maisons-Laffitte 78600; 1 550
Maizières-lès-Metz 57210; 1 090
Malakoff 92240; 2 720
Malaunay 76770;  530
Malemort-sur-Corrèze 19360;  640
Malesherbes 45330;  740
Mallemort 13370;  670
Malzéville 54220;  720
Mamers 72600;  470
Mana 97360;  850
Mandelieu-la-Napoule 06210; 2 500
Manduel 30129;  570
Manosque 04100; 2 820
Mantes-la-Jolie 78200; 6 300
Mantes-la-Ville 78200; 2 750
Marange-Silvange 57159;  460
Marcheprime 33380;  450
Marck 62730;  890
Marcoussis 91460;  490
Marcq-en-Baroeul 59700; 2 790
Marennes 17320;  520
Margny-lès-Compiègne 60280;  770
Marguerittes 30320;  740
Marignane 13700; 3 450
Marignier 74970;  520
Maripasoula 97370;  380
Marles-les-Mines 62540;  630
Marly 57157;  590
Marly 59770; 1 420
Marly-la-Ville 95670;  380
Marly-le-Roi 78160; 1 000
Marmande 47200; 1 880
Marnaz 74460;  540
Marolles-en-Hurepoix 91630;  280
Maromme 76150; 1 500
Marquette-lez-Lille 59520; 1 000
Marquise 62250;  470
Marsannay-la-Côte 21160;  370
Marseillan 34340; 1 090
Marseille 13000; 105 410
Marsillargues 34590;  870
Martignas-sur-Jalle 33127;  520
Martigues 13500; 5 330
Massy 91300; 4 500
Matoury 97351; 4 010
Maubeuge 59600; 4 390
Mauges-sur-Loire 49620; 1 240
Mauguio 34130; 1 910
Maule 78580;  370
Mauléon 79700;  600
Maurepas 78310; 1 620
Maxéville 54320; 1 090
Mayenne 53100; 1 000
Mazamet 81200; 1 220
Mazan 84380;  610
Mazé-Milon 49250;  450
Mazingarbe 62670;  970
Meaux 77100; 6 460
Mehun-sur-Yèvre 18500;  480
Melesse 35520;  530
Melle 79500;  440
Melun 77000; 5 210
Mende 48000;  870
Mennecy 91540; 1 020
Menton 06500; 3 070
Menucourt 95180;  410
Mer 41500;  530
Méricourt 62680; 1 200
Mériel 95630;  330
Mérignac 33700; 6 670
Méru 60110; 1 620
Merville 59660;  940
Merville 31330;  580
Méry-sur-Oise 95540;  760
Mesnils-sur-Iton 27240;  420
Metz 57000; 13 820
Meudon 92190; 3 350
Meulan-en-Yvelines 78250; 1 060
Meung-sur-Loire 45130;  520
Meximieux 01800;  610
Meylan 38240; 1 070
Meyreuil 13590;  510
Meyzieu 69330; 3 000
Mèze 34140; 1 130
Mézidon Vallée d'Auge 14270;  710
Migennes 89400;  860
Mignaloux-Beauvoir 86550;  270
Migné-Auxances 86440;  420
Milhaud 30540;  640
Millau 12100; 2 300
Mimizan 40200;  940
Mions 69780;  950
Mios 33380;  960
Miramas 13140; 3 370
Mirecourt 88500;  440
Miribel 01700;  740
Missillac 44780;  380
Mitry-Mory 77290; 1 810
Moëlan-sur-Mer 29350;  540
Moirans 38430;  590
Moissac 82200; 2 580
Moissy-Cramayel 77550; 1 670
Molsheim 67120;  770
Moncoutant-sur-Sèvre 79320;  320
Mondelange 57300;  510
Mondeville 14120; 1 180
Mondonville 31700;  680
Monistrol-sur-Loire 43120;  670
Mons-en-Baroeul 59370; 2 310
Montaigu 85600; 1 310
Montargis 45200; 2 520
Montataire 60160; 1 640
Montauban 82000; 7 270
Montauban-de-Bretagne 35360;  410
Montauroux 83440;  560
Montbard 21500;  460
Montbéliard 25200; 3 220
Montbonnot-Saint-Martin 38330;  320
Montbrison 42600; 1 430
Montceau-les-Mines 71300; 1 940
Montchanin 71210;  460
Mont-de-Marsan 40000; 2 840
Montdidier 80500;  720
Montech 82700;  590
Montélimar 26200; 4 840
Montereau-Fault-Yonne 77130; 2 750
Montesson 78360;  940
Monteux 84170; 1 560
Montévrain 77144; 1 100
Montfermeil 93370; 2 630
Montfort-sur-Meu 35160;  460
Montgeron 91230; 1 850
Montigny-en-Gohelle 62640;  970
Montigny-le-Bretonneux 78180; 2 040
Montigny-lès-Cormeilles 95370; 2 030
Montigny-lès-Metz 57158; 2 170
Montivilliers 76290; 1 230
Montlhéry 91310;  660
Montlouis-sur-Loire 37270;  850
Montluçon 03100; 4 060
Montluel 01120;  620
Montmagny 95360; 1 380
Montmorency 95160; 1 660
Montmorillon 86500;  480
Montoir-de-Bretagne 44550;  600
Montpellier 34000; 41 040
Montpon-Ménestérol 24700;  570
Montreuil 93100; 15 440
Montreuil-Juigné 49460;  580
Montrevault-sur-Èvre 49110; 1 070
Montrond-les-Bains 42210;  360
Montrouge 92120; 3 830
Monts 37260;  490
Mont-Saint-Aignan 76130; 1 230
Mont-Saint-Martin 54350;  840
Montval-sur-Loir 72500;  590
Morangis 91420; 1 050
Morcenx-la-Nouvelle 40110;  400
Mordelles 35310;  610
Morières-lès-Avignon 84310;  850
Morlaix 29600; 1 750
Mormant 77720;  370
Mornant 69440;  340
Morne-à-l'Eau 97111; 2 750
Morsang-sur-Orge 91390; 1 710
Mortagne-sur-Sèvre 85290;  410
Morteau 25500;  540
Mouans-Sartoux 06370;  830
Mougins 06250; 1 740
Mouguerre 64990;  390
Mouilleron-le-Captif 85000;  300
Moulins 03000; 2 340
Moulins-lès-Metz 57160;  420
Mourenx 64150;  680
Mourmelon-le-Grand 51400;  310
Mouroux 77120;  400
Mouvaux 59420;  970
Mouy 60250;  540
Moyeuvre-Grande 57250;  780
Mulhouse 68100; 15 810
Mulsanne 72230;  380
Mundolsheim 67450;  360
Muret 31600; 2 780
Mûrs-Erigné 49130;  480
Mutzig 67190;  490
Muzillac 56190;  330
Naintré 86530;  490
Nancy 54000; 9 980
Nandy 77176;  560
Nangis 77370;  850
Nans-les-Pins 83860;  360
Nanterre 92000; 10 260
Nantes 44000; 34 670
Nanteuil-lès-Meaux 77100;  520
Narbonne 11100; 7 110
Nègrepelisse 82800;  550
Nemours 77140; 1 510
Nérac 47600;  660
Neufchâteau 88300;  700
Neuilly-Plaisance 93360; 1 780
Neuilly-sur-Marne 93330; 3 740
Neuilly-sur-Seine 92200; 3 340
Neuves-Maisons 54230;  510
Neuville-aux-Bois 45170;  320
Neuville-de-Poitou 86170;  380
Neuville-en-Ferrain 59960;  620
Neuville-sur-Saône 69250;  630
Nevers 58000; 3 150
Nice 06000; 38 440
Nieppe 59850;  560
Nieul-sur-Mer 17137;  410
Nîmes 30000; 18 900
Niort 79000; 5 280
Noeux-les-Mines 62290; 1 290
Nogent-le-Rotrou 28400; 1 020
Nogent-sur-Marne 94130; 2 330
Nogent-sur-Oise 60180; 2 500
Nogent-sur-Seine 10400;  580
Noisiel 77186; 1 590
Noisy-le-Grand 93160; 6 580
Noisy-le-Roi 78590;  390
Noisy-le-Sec 93130; 5 260
Nort-sur-Erdre 44390;  670
Notre-Dame-de-Bondeville 76960;  660
Notre-Dame-de-Gravenchon 76330;  920
Nouzonville 08700;  690
Noves 13550;  590
Noyal-Châtillon-sur-Seiche 35230;  730
Noyal-sur-Vilaine 35530;  410
Noyant-Villages 49490;  610
Noyelles-Godault 62950;  670
Noyelles-sous-Lens 62221;  760
Noyon 60400; 1 800
Nueil-les-Aubiers 79250;  390
Nuits-Saint-Georges 21700;  380
Nyons 26110;  740
Oberhausbergen 67205;  440
Obernai 67210; 1 000
Octeville-sur-Mer 76930;  300
Oignies 62590; 1 110
Oissel 76350; 1 230
Olivet 45160; 1 490
Ollainville 91290;  320
Ollioules 83190; 1 130
Olonne-sur-Mer 85340;  0
Oloron-Sainte-Marie 64400; 1 150
Ombrée d'Anjou 49420;  820
Ondres 40440;  650
Onet-le-Château 12850; 1 030
Onnaing 59264;  980
Oraison 04700;  570
Orange 84100; 3 650
Orchies 59310;  850
Orée d'Anjou 49270; 1 270
Orgères 35230;  480
Orgeval 78630;  410
Orléans 45000; 13 460
Orly 94310; 2 320
Ormesson-sur-Marne 94490;  580
Orsay 91400;  900
Orthez 64300;  940
Orvanne 77250;  890
Orvault 44700; 2 060
Osny 95520; 1 430
Ostricourt 59162;  680
Ostwald 67540; 1 410
Othis 77280;  450
Ouistreham 14150;  760
Oullins 69600; 2 240
Outreau 62230; 1 300
Oye-Plage 62215;  470
Oyonnax 01100; 2 890
Ozoir-la-Ferrière 77330; 1 550
Pacé 35740;  840
Pacy-sur-Eure 27120;  460
Paimpol 22500;  630
Palaiseau 91120; 2 350
Palavas-les-Flots 34250;  890
Pamiers 09100; 1 820
Panazol 87350;  720
Pantin 93500; 7 520
Papaichton 97316;  130
Paray-le-Monial 71600;  660
Paray-Vieille-Poste 91550;  530
Parempuyre 33290;  890
Parentis-en-Born 40160;  810
Parigné-l'Évêque 72250;  290
Paris 75000; 210 980
Parmain 95620;  330
Parthenay 79200;  870
Passy 74190;  680
Pau 64000; 8 200
Pauillac 33250;  690
Pavilly 76570;  490
Pecquencourt 59146;  880
Pégomas 06580;  650
Pélissanne 13330;  870
Penmarch 29760;  430
Pérenchies 59840;  570
Périgny 17180;  720
Périgueux 24000; 3 470
Pernes-les-Fontaines 84210; 1 010
Pérols 34470; 1 030
Péronnas 01960;  500
Péronne 80200; 1 020
Perpignan 66000; 17 890
Perros-Guirec 22700;  570
Persan 95340; 1 550
Pertuis 84120; 2 220
Pessac 33600; 4 810
Petit-Bourg 97170; 3 190
Petit-Canal 97131; 1 160
Petit-Caux 76370;  640
Petit-Couronne 76650;  930
Petite-Forêt 59494;  530
Petite-Île 97429; 2 540
Petite-Rosselle 57540;  590
Peymeinade 06530;  750
Peypin 13124;  390
Peyrolles-en-Provence 13860;  490
Pézenas 34120; 1 210
Pfastatt 68120;  910
Pia 66380; 1 290
Pibrac 31820;  570
Pierre-Bénite 69310; 1 070
Pierrefeu-du-Var 83390;  420
Pierrefitte-sur-Seine 93380; 3 440
Pierrelatte 26700; 1 670
Pierrelaye 95480;  830
Pignan 34570;  750
Piolenc 84420;  550
Pithiviers 45300; 1 160
Plabennec 29860;  550
Plaisance-du-Touch 31830; 1 740
Plaisir 78370; 2 540
Plan-de-Cuques 13380;  650
Plédran 22960;  490
Plérin 22190; 1 130
Plescop 56890;  580
Plessé 44630;  450
Pleurtuit 35730;  570
Ploemeur 56270; 1 140
Ploeren 56880;  490
Ploërmel 56800;  850
Plonéour-Lanvern 29720;  530
Plouay 56240;  350
Ploudalmézeau 29830;  400
Ploufragan 22440; 1 050
Plougastel-Daoulas 29470;  960
Plouguerneau 29880;  540
Plouhinec 56680;  470
Plouigneau 29610;  340
Ploumagoar 22970;  370
Plouzané 29280;  780
Pluneret 56400;  490
Pluvigner 56330;  620
Pointe-à-Pitre 97110; 2 790
Pointe-Noire 97116;  910
Poissy 78300; 3 890
Poisy 74330;  650
Poitiers 86000; 8 930
Pollestres 66450;  570
Pont-à-Mousson 54700; 1 380
Pontarlier 25300; 1 830
Pont-Audemer 27500; 1 140
Pontault-Combault 77340; 3 040
Pontcharra 38530;  620
Pontchâteau 44160;  880
Pont-de-Chéruy 38230;  600
Pont-du-Château 63430;  850
Pont-Évêque 38780;  580
Pontivy 56300; 1 200
Pont-l'Abbé 29120;  790
Pont-l'Évêque 14130;  410
Pontoise 95000; 3 220
Pont-Sainte-Marie 10150;  610
Pont-Sainte-Maxence 60700; 1 270
Pont-Saint-Esprit 30130; 1 220
Pont-Saint-Martin 44860;  410
Pordic 22590;  490
Pornic 44210; 1 340
Pornichet 44380;  990
Port-de-Bouc 13110; 1 900
Portes-lès-Valence 26800;  920
Portet-sur-Garonne 31120;  870
Port-la-Nouvelle 11210;  730
Port-Louis 97117;  970
Porto-Vecchio 20137; 1 830
Port-Saint-Louis-du-Rhône 13230;  940
Pourrières 83910;  350
Poussan 34560;  630
Pouzauges 85700;  430
Prades 66500;  800
Prades-le-Lez 34730;  490
Prévessin-Moëns 01280;  520
Privas 07000;  920
Provins 77160; 1 320
Publier 74500;  680
Puget-sur-Argens 83480;  980
Puilboreau 17138;  550
Pulnoy 54420;  380
Puteaux 92800; 3 610
Quesnoy-sur-Deûle 59890;  430
Questembert 56230;  640
Quetigny 21800;  900
Quéven 56530;  570
Quiévrechain 59920;  750
Quimper 29000; 6 290
Quimperlé 29300; 1 230
Quincy-sous-Sénart 91480;  760
Quincy-Voisins 77860;  350
Quint-Fonsegrives 31130;  390
Rabastens 81800;  660
Raismes 59590; 1 650
Rambervillers 88700;  520
Rambouillet 78120; 1 780
Ramonville-Saint-Agne 31520; 1 490
Raon-l'Étape 88110;  770
Redon 35600; 1 030
Reichshoffen 67110;  430
Reignier-Ésery 74930;  650
Reims 51100; 20 810
Remiremont 88200;  820
Remire-Montjoly 97354; 1 870
Rennes 35000; 25 150
Rethel 08300;  770
Revel 31250; 1 030
Revin 08500;  880
Reyrieux 01600;  330
Rezé 44400; 4 230
Riantec 56670;  500
Riedisheim 68400; 1 040
Rillieux-la-Pape 69140; 3 010
Riom 63200; 1 980
Riorges 42153;  960
Ris-Orangis 91130; 3 030
Rive-de-Gier 42800; 1 600
Rives 38140;  500
Rivesaltes 66600; 1 250
Rives-du-Loir-en-Anjou 49140;  370
Rivière-Pilote 97211; 1 680
Rivière-Salée 97215; 1 650
Rixheim 68170; 1 220
Roanne 42300; 4 270
Rocbaron 83136;  450
Rochefort 17300; 2 770
Rochefort-du-Gard 30650;  640
Roche-la-Molière 42230;  820
Rodez 12000; 2 290
Rognac 13340; 1 060
Roissy-en-Brie 77680; 1 820
Romagnat 63540;  510
Romainville 93230; 4 050
Romans-sur-Isère 26100; 4 180
Rombas 57120;  970
Romilly-sur-Seine 10100; 2 110
Romorantin-Lanthenay 41200; 1 700
Ronchin 59790; 2 040
Roncq 59223; 1 050
Roost-Warendin 59286;  620
Roquebrune-Cap-Martin 06190; 1 180
Roquebrune-sur-Argens 83520; 1 670
Roquefort-la-Bédoule 13830;  420
Roquefort-les-Pins 06330;  490
Roquemaure 30150;  590
Roques 31120;  530
Roquevaire 13360;  810
Rosheim 67560;  330
Rosières-près-Troyes 10430;  290
Rosny-sous-Bois 93110; 5 220
Rosny-sur-Seine 78710;  740
Rosporden 29140;  670
Roubaix 59100; 16 520
Rouen 76000; 13 700
Rousset 13790;  510
Roussillon 38150;  850
Rouvroy 62320;  990
Royan 17200; 1 910
Roye 80700;  760
Rueil-Malmaison 92500; 5 570
Ruelle-sur-Touvre 16600;  690
Rumilly 74150; 1 350
Rungis 94150;  330
Sablé-sur-Sarthe 72300; 1 380
Sainghin-en-Weppes 59184;  340
Sains-en-Gohelle 62114;  550
Saint-Affrique 12400;  630
Saint-Alban 31140;  690
Saint-Alban-Leysse 73230;  470
Saint-Amand-les-Eaux 59230; 1 640
Saint-Amand-Montrond 18200;  850
Saint-André 97440; 9 930
Saint-André-de-Cubzac 33240; 1 340
Saint-André-de-la-Roche 06730;  390
Saint-André-de-Sangonis 34725;  700
Saint-André-des-Eaux 44117;  470
Saint-André-les-Vergers 10120; 1 330
Saint-André-lez-Lille 59350; 1 080
Saint-Apollinaire 21850;  520
Saint-Arnoult-en-Yvelines 78730;  340
Saint-Astier 24110;  460
Saint-Aubin-de-Médoc 33160;  470
Saint-Aubin-lès-Elbeuf 76410;  800
Saint-Avé 56890;  820
Saint-Avertin 37550;  920
Saint-Avold 57500; 1 820
Saint-Barthélemy-d'Anjou 49124;  970
Saint-Benoît 86280;  500
Saint-Benoît 97470; 7 290
Saint-Berthevin 53940;  500
Saint-Bonnet-de-Mure 69720;  370
Saint-Brevin-les-Pins 44250; 1 040
Saint-Brice-sous-Forêt 95350; 1 210
Saint-Brieuc 22000; 5 620
Saint-Cannat 13760;  540
Saint-Chamas 13250;  770
Saint-Chamond 42400; 3 800
Saint-Chéron 91530;  340
Saint-Christol-lès-Alès 30380;  790
Saint-Claude 39200;  890
Saint-Claude 97120; 1 090
Saint-Clément-de-Rivière 34980;  320
Saint-Cloud 92210; 1 690
Saint-Cyprien 66750; 1 590
Saint-Cyr-au-Mont-d'Or 69450;  410
Saint-Cyr-l'École 78210; 1 620
Saint-Cyr-sur-Loire 37540; 1 360
Saint-Cyr-sur-Mer 83270; 1 030
Saint-Denis 93200; 13 630
Saint-Denis 97400; 26 860
Saint-Denis-de-Pile 33910;  590
Saint-Denis-en-Val 45560;  450
Saint-Denis-lès-Bourg 01000;  430
Saint-Didier-au-Mont-d'Or 69370;  370
Saint-Dié-des-Vosges 88100; 2 480
Saint-Dizier 52100; 2 540
Saint-Doulchard 18230;  550
Sainte-Adresse 76310;  400
Sainte-Anne 97180; 3 460
Sainte-Eulalie 33560;  410
Sainte-Foy-lès-Lyon 69110; 1 530
Sainte-Geneviève-des-Bois 91700; 3 020
Saint-Égrève 38120; 1 170
Sainte-Livrade-sur-Lot 47110;  760
Sainte-Luce 97228; 1 190
Sainte-Luce-sur-Loire 44980; 1 170
Sainte-Marie 97230; 2 290
Sainte-Marie 97438; 6 120
Sainte-Marie-aux-Mines 68160;  410
Sainte-Maxime 83120; 1 650
Sainte-Pazanne 44680;  480
Sainte-Rose 97115; 2 940
Sainte-Rose 97439; 1 460
Saintes 17100; 2 640
Sainte-Savine 10300; 1 150
Sainte-Sigolène 43600;  520
Sainte-Soulle 17220;  390
Saint-Esprit 97270; 1 120
Saint-Estève 66240; 1 100
Sainte-Suzanne 97441; 4 310
Saint-Étienne 42000; 20 930
Saint-Étienne-au-Mont 62360;  470
Saint-Étienne-de-Montluc 44360;  490
Saint-Étienne-du-Rouvray 76800; 3 430
Saint-Fargeau-Ponthierry 77310; 1 220
Saint-Florent-sur-Cher 18400;  490
Saint-Flour 15100;  530
Saint-Fons 69190; 2 580
Saint-François 97118; 2 590
Saint-Galmier 42330;  360
Saint-Gaudens 31800; 1 360
Saint-Gély-du-Fesc 34980;  580
Saint-Genest-Lerpt 42530;  460
Saint-Genis-Laval 69230; 1 390
Saint-Genis-les-Ollières 69290;  350
Saint-Genis-Pouilly 01630;  980
Saint-Georges-de-Didonne 17110;  450
Saint-Georges-d'Orques 34680;  570
Saint-Germain-du-Puy 18390;  360
Saint-Germain-en-Laye 78100; 2 930
Saint-Germain-lès-Arpajon 91180;  820
Saint-Germain-lès-Corbeil 91250;  460
Saint-Gervais-les-Bains 74170;  420
Saint-Gilles 30800; 2 250
Saint-Gilles 35590;  400
Saint-Gilles-Croix-de-Vie 85800;  700
Saint-Girons 09200;  730
Saint-Gratien 95210; 1 950
Saint-Grégoire 35760;  650
Saint-Herblain 44800; 4 730
Saint-Hilaire-de-Riez 85270; 1 210
Saint-Hilaire-du-Harcouët 50600;  450
Saint-Ismier 38330;  340
Saint-Jacques-de-la-Lande 35136; 1 700
Saint-Jean 31240;  940
Saint-Jean-Bonnefonds 42650;  520
Saint-Jean-d'Angély 17400;  780
Saint-Jean-de-Boiseau 44640;  480
Saint-Jean-de-Braye 45800; 2 410
Saint-Jean-de-la-Ruelle 45140; 1 920
Saint-Jean-de-Luz 64500; 1 450
Saint-Jean-de-Maurienne 73300;  420
Saint-Jean-de-Monts 85160; 1 080
Saint-Jean-de-Védas 34430; 1 340
Saint-Jean-d'Illac 33127;  660
Saint-Jean-le-Blanc 45650;  830
Saint-Jorioz 74410;  420
Saint-Jory 31790; 1 040
Saint-Joseph 97212; 2 010
Saint-Joseph 97480; 8 830
Saint-Juéry 81160;  650
Saint-Julien-de-Concelles 44450;  520
Saint-Julien-en-Genevois 74160; 1 460
Saint-Julien-les-Villas 10800;  700
Saint-Junien 87200;  940
Saint-Just-en-Chaussée 60130;  640
Saint-Just-Saint-Rambert 42170;  940
Saint-Laurent-Blangy 62223;  690
Saint-Laurent-de-la-Salanque 66250; 1 260
Saint-Laurent-de-Mure 69720;  370
Saint-Laurent-du-Maroni 97320; 6 110
Saint-Laurent-du-Var 06700; 2 760
Saint-Laurent-Médoc 33112;  460
Saint-Leu 97436; 8 380
Saint-Leu-la-Forêt 95320; 1 110
Saint-Lô 50000; 1 860
Saint-Loubès 33450;  910
Saint-Louis 68300; 2 560
Saint-Louis 97434; 12 270
Saint-Lyphard 44410;  350
Saint-Lys 31470;  750
Saint-Macaire-en-Mauges 49450; 1 770
Saint-Maixent-l'École 79400;  590
Saint-Malo 35400; 4 670
Saint-Mandé 94160; 1 380
Saint-Mandrier-sur-Mer 83430;  400
Saint-Marcel 71380;  580
Saint-Marcel-lès-Valence 26320;  500
Saint-Marcellin 38160;  810
Saint-Marcellin-en-Forez 42680;  390
Saint-Mars-du-Désert 44850;  310
Saint-Martin-Boulogne 62280; 1 050
Saint-Martin-de-Crau 13310; 1 460
Saint-Martin-de-Seignanx 40390;  530
Saint-Martin-d'Hères 38400; 3 050
Saint-Martin-d'Uriage 38410;  290
Saint-Martin-la-Pallu 86380;  430
Saint-Martin-le-Vinoux 38950;  520
Saint-Martin-lez-Tatinghem 62500;  410
Saint-Maur-des-Fossés 94100; 4 900
Saint-Maurice 94410; 1 040
Saint-Maurice-l'Exil 38550;  610
Saint-Max 54130;  900
Saint-Maximin-la-Sainte-Baume 83470; 1 520
Saint-Médard-en-Jalles 33160; 2 320
Saint-Memmie 51470;  520
Saint-Michel-Chef-Chef 44730;  490
Saint-Michel-sur-Orge 91240; 1 920
Saint-Mitre-les-Remparts 13920;  490
Saint-Nazaire 44600; 7 470
Saint-Nicolas-de-Port 54210;  520
Saint-Nom-la-Bretèche 78860;  230
Saint-Omer 62500; 1 970
Saint-Orens-de-Gameville 31650; 1 160
Saint-Ouen 93400; 6 750
Saint-Ouen-l'Aumône 95310; 2 660
Saint-Pathus 77178;  390
Saint-Paul 97460; 20 750
Saint-Paul-lès-Dax 40990; 1 430
Saint-Paul-Trois-Châteaux 26130;  890
Saint-Pée-sur-Nivelle 64310;  560
Saint-Péray 07130;  590
Saint-Philbert-de-Grand-Lieu 44310;  630
Saint-Philippe 97442; 1 270
Saint-Pierre 97410; 18 830
Saint-Pierre-des-Corps 37700; 2 060
Saint-Pierre-d'Irube 64990;  480
Saint-Pierre-d'Oléron 17310;  780
Saint-Pierre-du-Mont 40280;  830
Saint-Pierre-du-Perray 91280;  800
Saint-Pierre-en-Auge 14170;  560
Saint-Pierre-en-Faucigny 74800;  600
Saint-Pierre-lès-Elbeuf 76320;  770
Saint-Pierre-lès-Nemours 77140;  400
Saint-Pol-de-Léon 29250;  630
Saint-Pol-sur-Ternoise 62130;  460
Saint-Pourçain-sur-Sioule 03500;  380
Saint-Priest 69800; 4 840
Saint-Priest-en-Jarez 42270;  440
Saint-Privat-des-Vieux 30340;  490
Saint-Prix 95390;  510
Saint-Pryvé-Saint-Mesmin 45750;  510
Saint-Quentin 02100; 7 370
Saint-Quentin-Fallavier 38070;  500
Saint-Rambert-d'Albon 26140;  790
Saint-Raphaël 83700; 3 540
Saint-Rémy 71100;  470
Saint-Rémy-de-Provence 13210;  900
Saint-Rémy-lès-Chevreuse 78470;  370
Saint-Renan 29290;  510
Saintry-sur-Seine 91250;  350
Saint-Saturnin-lès-Avignon 84450;  430
Saint-Saulve 59880; 1 120
Saint-Sébastien-de-Morsent 27180;  380
Saint-Sébastien-sur-Loire 44230; 2 130
Saint-Sever 40500;  410
Saint-Sulpice-la-Pointe 81370;  770
Saint-Symphorien-d'Ozon 69360;  380
Saint-Thibault-des-Vignes 77400;  510
Saint-Vallier 71230;  720
Saint-Victoret 13730;  620
Saint-Vincent-de-Tyrosse 40230;  850
Saint-Vit 25410;  330
Saint-Xandre 17138;  450
Saint-Yrieix-la-Perche 87500;  480
Saint-Yrieix-sur-Charente 16710;  620
Saint-Zacharie 83640;  390
Salazie 97433; 1 460
Salbris 41300;  350
Saleilles 66280;  490
Sallanches 74700; 1 130
Sallaumines 62430; 1 150
Salles 33770;  700
Salon-de-Provence 13300; 5 160
Sanary-sur-Mer 83110; 1 390
Sannois 95110; 2 500
Santes 59211;  330
Saran 45770; 1 590
Sarcelles 95200; 7 570
Sarlat-la-Canéda 24200;  970
Sarrebourg 57400; 1 330
Sarreguemines 57200; 2 300
Sarrians 84260;  630
Sartrouville 78500; 4 910
Sarzeau 56370;  650
Sassenage 38360;  740
Sathonay-Camp 69580;  460
Saujon 17600;  660
Saulx-les-Chartreux 91160;  410
Saumur 49400; 3 230
Sausheim 68390;  410
Sausset-les-Pins 13960;  550
Sautron 44880;  480
Sauvian 34410;  530
Savenay 44260;  630
Saverne 67700; 1 170
Savigny-le-Temple 77176; 2 950
Savigny-sur-Orge 91600; 3 060
Scaër 29390;  530
Sceaux 92330; 1 100
Schiltigheim 67300; 4 090
Schoelcher 97233; 2 140
Schweighouse-sur-Moder 67590;  360
Sciez 74140;  570
Scionzier 74950;  970
Seclin 59113; 1 360
Sedan 08200; 2 620
Segré 49500; 1 400
Seichamps 54280;  300
Sélestat 67600; 1 910
Seloncourt 25230;  530
Séméac 65600;  460
Sénas 13560;  690
Séné 56860;  760
Senlis 60300; 1 110
Sens 89100; 3 110
Septèmes-les-Vallons 13240;  990
Sérignan 34410; 1 070
Serris 77700;  830
Servian 34290;  600
Sète 34200; 5 550
Sevran 93270; 6 080
Sèvremont 85700;  530
Sèvres 92310; 1 670
Seysses 31600;  890
Seyssinet-Pariset 38170;  770
Seyssins 38180;  470
Sézanne 51120;  500
Sigean 11130;  690
Sillingy 74330;  430
Simiane-Collongue 13109;  380
Sin-le-Noble 59450; 2 100
Sisteron 04200;  830
Six-Fours-les-Plages 83140; 3 140
Soissons 02200; 3 910
Soisy-sous-Montmorency 95230; 1 440
Soisy-sur-Seine 91450;  460
Solliès-Pont 83210; 1 020
Solliès-Toucas 83210;  410
Somain 59490; 1 630
Sommières 30250;  660
Sorbiers 42290;  490
Sorgues 84700; 2 360
Sotteville-lès-Rouen 76300; 3 280
Souffelweyersheim 67460;  570
Souleuvre en Bocage 14350;  590
Soultz-Haut-Rhin 68360;  590
Souppes-sur-Loing 77460;  550
Soustons 40140;  870
Soyaux 16800; 1 200
Stains 93240; 4 810
Stiring-Wendel 57350; 1 230
Strasbourg 67000; 33 040
Sucé-sur-Erdre 44240;  470
Sucy-en-Brie 94370; 1 740
Sully-sur-Loire 45600;  600
Suresnes 92150; 3 700
Surgères 17700;  680
Sury-le-Comtal 42450;  560
Surzur 56450;  350
Tain-l'Hermitage 26600;  650
Talange 57525;  740
Talant 21240; 1 000
Talence 33400; 4 100
Talmont-Saint-Hilaire 85440;  850
Tarare 69170; 1 010
Tarascon 13150; 2 180
Tarbes 65000; 5 580
Tarnos 40220; 1 180
Tassin-la-Demi-Lune 69160; 1 600
Taverny 95150; 1 990
Templeuve 59242;  420
Tergnier 02700; 1 730
Ternay 69360;  390
Terrasson-Lavilledieu 24120;  670
Terville 57180;  630
Téteghem 59229;  560
Thann 68800;  770
Thaon-les-Vosges 88150;  860
Theix 56450;  630
Thiais 94320; 2 670
Thiers 63300; 1 720
Thionville 57100; 3 840
Thizy-les-Bourgs 69240;  460
Thoiry 01710;  360
Thônes 74230;  430
Thonon-les-Bains 74200; 3 970
Thorigné-Fouillard 35235;  580
Thorigny-sur-Marne 77400;  870
Thouaré-sur-Loire 44470;  740
Thouars 79100; 1 340
Thue et Mue 14740;  390
Thuir 66300; 1 150
Thyez 74300;  520
Tignieu-Jameyzieu 38230;  590
Tinchebray-Bocage 61800;  340
Tinqueux 51430;  840
Tomblaine 54510;  790
Tonnay-Charente 17430;  830
Tonneins 47400; 1 050
Torcy 77200; 2 200
Toul 54200; 1 710
Toulon 83000; 16 400
Toulouges 66350;  740
Toulouse 31000; 64 750
Tourcoing 59200; 13 610
Tournan-en-Brie 77220;  580
Tournefeuille 31170; 2 470
Tournon-sur-Rhône 07300; 1 300
Tournus 71700;  530
Tours 37000; 16 520
Tourves 83170;  490
Trans-en-Provence 83720;  590
Trappes 78190; 4 190
Trèbes 11800;  560
Trégueux 22950;  680
Trégunc 29910;  530
Treillières 44119;  670
Trélazé 49800; 1 890
Trélissac 24750;  510
Tremblay-en-France 93290; 3 770
Tresses 33370;  360
Trets 13530;  850
Trévoux 01600;  600
Triel-sur-Seine 78510;  940
Trignac 44570;  820
Trilport 77470;  370
Trith-Saint-Léger 59125;  710
Trois-Rivières 97114; 1 200
Troyes 10000; 8 480
Tulle 19000; 1 450
Tullins 38210;  620
Uckange 57270;  830
Ugine 73400;  520
Unieux 42240;  780
Urrugne 64122;  850
Ussel 19200;  680
Ustaritz 64480;  720
Uzès 30700;  840
Vaires-sur-Marne 77360; 1 020
Vaison-la-Romaine 84110;  610
Val d'Erdre-Auxence 49370;  340
Valbonne 06560;  940
Valdahon 25800;  350
Valdallière 14410;  450
Val-de-Moder 67350;  370
Val-de-Reuil 27100; 1 560
Valdoie 90300;  560
Valence 26000; 8 320
Valence 82400;  720
Valenciennes 59300; 6 110
Valentigney 25700; 1 280
Valenton 94460; 1 530
Vallauris 06220; 3 270
Vallet 44330;  640
Vallons-de-l'Erdre 44540;  520
Valognes 50700;  400
Valréas 84600; 1 060
Vandoeuvre-lès-Nancy 54500; 2 800
Vannes 56000; 5 030
Vanves 92170; 1 970
Varces-Allières-et-Risset 38760;  440
Varennes-Vauzelles 58640;  590
Vaucresson 92420;  480
Vaugneray 69670;  370
Vaujours 93410;  700
Vaulx-en-Velin 69120; 6 330
Vauréal 95490; 1 400
Vauvert 30600; 1 430
Vaux-le-Pénil 77000;  830
Vaux-sur-Seine 78740;  410
Veauche 42340;  550
Vedène 84270; 1 190
Veigné 37250;  440
Velaux 13880;  540
Vélizy-Villacoublay 78140; 1 380
Vence 06140; 1 490
Vendargues 34740;  660
Vendenheim 67550;  460
Vendin-le-Vieil 62880;  720
Vendôme 41100; 1 520
Venelles 13770;  510
Vénissieux 69200; 8 850
Ventabren 13122;  500
Verdun 55100; 1 890
Vergèze 30310;  530
Vernaison 69390;  340
Verneuil-sur-Avre 27130;  720
Verneuil-sur-Seine 78480; 1 240
Verneuil-sur-Vienne 87430;  200
Vernon 27200; 2 720
Vernouillet 28500; 1 440
Vernouillet 78540;  730
Vern-sur-Seiche 35770;  650
Verrières-en-Anjou 49480;  630
Verrières-le-Buisson 91370;  800
Versailles 78000; 4 970
Vertou 44120; 1 720
Vert-Saint-Denis 77240;  730
Vesoul 70000; 1 770
Vétraz-Monthoux 74100; 1 020
Vexin-sur-Epte 27630;  430
Vezin-le-Coquet 35132;  560
Viarmes 95270;  340
Vias 34450;  990
Vic-en-Bigorre 65500;  440
Vichy 03200; 3 010
Vic-le-Comte 63270;  370
Vidauban 83550; 1 300
Vienne 38200; 3 120
Vierzon 18100; 3 040
Vieux-Condé 59690; 1 170
Vieux-Habitants 97119; 1 290
Vif 38450;  510
Vigneux-de-Bretagne 44360;  380
Vigneux-sur-Seine 91270; 2 800
Villabé 91100;  400
Villard-Bonnot 38190;  470
Villars 42390;  540
Villars-les-Dombes 01330;  330
Villebon-sur-Yvette 91140;  560
Villecresnes 94440;  640
Ville-d'Avray 92410;  720
Villefontaine 38090; 2 400
Villefranche-de-Lauragais 31290;  400
Villefranche-de-Rouergue 12200; 1 130
Villefranche-sur-Mer 06230;  380
Villefranche-sur-Saône 69400; 4 260
Villejuif 94800; 6 020
Ville-la-Grand 74100;  870
Villemandeur 45700;  630
Villemoisson-sur-Orge 91360;  490
Villemomble 93250; 2 800
Villemur-sur-Tarn 31340;  610
Villenave-d'Ornon 33140; 4 070
Villeneuve-d'Ascq 59491; 6 030
Villeneuve-en-Retz 44580;  400
Villeneuve-la-Garenne 92390; 3 040
Villeneuve-le-Roi 94290; 1 750
Villeneuve-lès-Avignon 30400; 1 040
Villeneuve-lès-Maguelone 34750;  930
Villeneuve-Loubet 06270; 1 710
Villeneuve-Saint-Georges 94190; 3 490
Villeneuve-sur-Lot 47300; 2 810
Villeneuve-sur-Yonne 89500;  480
Villeneuve-Tolosane 31270; 1 010
Villennes-sur-Seine 78670;  420
Villenoy 77124;  440
Villeparisis 77270; 2 410
Villepinte 93420; 4 080
Villepreux 78450;  670
Villerest 42300;  320
Villers-Cotterêts 02600; 1 230
Villers-le-Lac 25130;  370
Villers-lès-Nancy 54600;  850
Villers-Saint-Paul 60870;  700
Villerupt 54190;  840
Villetaneuse 93430; 1 350
Villette-d'Anthon 38280;  250
Villeurbanne 69100; 17 620
Villiers-le-Bel 95400; 3 530
Villiers-sur-Marne 94350; 2 830
Vincennes 94300; 3 770
Vindry-sur-Turdine 69490;  320
Vineuil 41350;  520
Vire 14500; 1 450
Viriat 01440;  470
Viroflay 78220;  880
Viry 74580;  400
Viry-Châtillon 91170; 3 020
Vitré 35500; 1 700
Vitrolles 13127; 3 970
Vitry-le-François 51300; 1 410
Vitry-sur-Seine 94400; 9 370
Vittel 88800;  440
Vizille 38220;  550
Voiron 38500; 1 970
Voisins-le-Bretonneux 78960;  550
Voreppe 38340;  630
Vouneuil-sous-Biard 86580;  390
Wallers 59135;  590
Wambrechies 59118;  750
Wasquehal 59290; 1 700
Wasselonne 67310;  430
Wattignies 59139; 1 430
Wattrelos 59150; 4 780
Wavrin 59136;  570
Waziers 59119; 1 090
Wervicq-Sud 59117;  430
Wimereux 62930;  490
Wingles 62410;  920
Wintzenheim 68920;  590
Wissembourg 67160;  580
Wissous 91320;  450
Witry-lès-Reims 51420;  320
Wittelsheim 68310;  880
Wittenheim 68270; 1 450
Woippy 57140; 1 960
Wormhout 59470;  330
Yerres 91330; 1 760
Yffiniac 22120;  460
Yssingeaux 43200;  620
Yutz 57110; 1 560
Yvetot 76190; 1 010
Yzeure 03400;  960
Communes de moins de 5 000 habitants ou données indisponibles;1 853 230
Total;6 241 690
Les données présentées dans ce tableau sont arrondies à la dizaine. Pour cette raison, la somme des valeurs d’une ligne (ou d’une colonne) peut légèrement différer du total affiché.
